{
  "version": "2022.1",
  "applications": [],
  "platforms": [
    {
      "name": "lms7_trx_top"
    }
  ],
  "systems": [
    {
      "name": "cpu_system",
      "platform": "X:/Work/LimeSDR-XTRX/sw_workspace/lms7_trx_top/export/lms7_trx_top/lms7_trx_top.xpfm",
      "sysConfig": "lms7_trx_top",
      "buildConfig": "Debug",
      "applications": [
        {
          "name": "cpu",
          "platform": "X:/Work/LimeSDR-XTRX/sw_workspace/lms7_trx_top/export/lms7_trx_top/lms7_trx_top.xpfm",
          "platformPath": "C:\\Work\\XTRX_GW_TEMP\\workspace\\lms7_trx_top\\export\\lms7_trx_top",
          "sysConfig": "lms7_trx_top",
          "domain": "standalone_domain",
          "system": "cpu_system"
        }
      ],
      "platformPath": "C:\\Work\\XTRX_GW_TEMP\\workspace\\lms7_trx_top\\export\\lms7_trx_top"
    }
  ],
  "others": []
}